{
	"productdetail":{
		"id":"123456",
		"name":"华华惠满家综合保障计划",
		"code":"A12345"
	},
	"productcalelemenst":{
		"skuList":
		[
			{
				"name":"家庭版","code":"001",
				"calList":[
		            {
		              "resCode": "001",
		              "resName": "家庭版-责任损失险种",
		              "resAmount": 3412,
		              "resRemark": "承保由于火灾、爆炸、台风、暴雨、泥石流等自然灾害引起的突发性滑坡、地陷或下沉、飞行物体及其他空中运行物体坠落、外来和其他固定物体的倒塌导致的房屋主体及其室内附属设备损失。（备注：本保险所称的房屋为被保险人拥有合法产权的钢筋混凝土或砖混结构的住宅"
		           }
		       ]
			},
			{
				"name":"个人版","code":"002",
				"calList":[
		            {
		              "resCode": "002",
		              "resName": "个人版-责任损失险种",
		              "resAmount": 3412,
		              "resRemark": "承保由于火灾、爆炸、台风、暴雨、泥石流等自然灾害引起的突发性滑坡、地陷或下沉、飞行物体及其他空中运行物体坠落、外来和其他固定物体的倒塌导致的房屋主体及其室内附属设备损失。（备注：本保险所称的房屋为被保险人拥有合法产权的钢筋混凝土或砖混结构的住宅"
		           }
		       ]
			}
		],
		"skuCalList": 
		[
	      {
	      	 "productId":"111111",
	      	 "skuCode":"001",
	      	 "attrName":"benefitPeriod",
	         "name": "保险期间",
	         "value": "1年",
	         "code": "1",
	         "data":"",
	         "displayType": "10"
	      },
	      {
	      	 "productId":"111111",
	      	 "skuCode":"001",
	      	 "attrName":"benefitPeriodUnit",
	         "name": "保险期间单位",
	         "value": "",
	         "code": "5",
	         "data":"",
	         "displayType": "11"
	      },
	      {
	      	 "productId":"111111",
	      	 "skuCode":"001",
	      	 "attrName":"benefitPeriod",
	         "name": "保险期间",
	         "value": ["1-7"],
	         "code": "1-7",
	         "data":[{"name": "1-7天","value": "1-7"}, {"name": "8-10天","value": "8-10"}, {"name": "11-15天","value": "11-15"}],
	         "displayType": "02"
	      },
	      {
	      	 "productId":"111111",
	      	 "skuCode":"001",
	      	 "attrName":"insBeginDate",
	         "name": "保险起期",
	         "value": "",
	         "code": "1",
	         "data":"",
	         "displayType": "04",
	         "rule":{"A":"1","A1":"D","B":"4","B1":"D"}
	      },
	      {
	      	 "productId":"111111",
	      	 "skuCode":"001",
	      	 "attrName":"insEndDate",
	         "name": "保险止期",
	         "value": "",
	         "code": "1",
	         "data":"",
	         "displayType": "04"
	      },
	      {
	      	 "productId":"111111",
	      	 "skuCode":"001",
	      	 "attrName":"proposalCount",
	         "name": "投保份数",
	         "value": ["1"],
	         "code": "1",
	         "data":[{"name": "1份","value": "1"}, {"name": "2份","value": "2"}, {"name": "3份","value": "3"}],
	         "displayType": "02"
	      }
	  	]
	},
	"productprenium":{
	    "age": 0,
	    "benefitPeriod": "1",
	    "benefitPeriodUnit": "2",
	    "cardSeats": null,
	    "code": null,
	    "gender": null,
	    "payDuration": "0",
	    "payWay": "1",
	    "prenium": 1160.0,
	    "transCode": null,
	    "transTime": "2018-03-81 15:31:57",
	    "responsibilityLs": [
	        {
	            "amount": 40000.0,
	            "code": "00500010",
	            "count": 2,
	            "prenium": 80.0
	        },
	        {
	            "amount": 50000.0,
	            "code": "00500002",
	            "count": 2,
	            "prenium": 14.0
	        }
	    ]
	}
}



