{
  "policyReviewShow":{
    "transCode": null,
    "appId": null,
    "transSn": null,
    "transTime": null,
    "version": null,
    "originTransSn": null,
    "rspMode": null,
    "rspCode": null,
    "rspMsg": null,
    "templetOpenDTO": {
      "templetCode": "1000000002",
      "templetName": "投保单填写（满堂福）",
      "templetPath": "\\templates\\view\\product\\temp_001\\tmp_001_1803010010103_proposal_wirte.ftl",
      "templetType": "01",
      "moduleOpenDTOList": [
        {
          "moduleCode": "200000000003",
          "moduleName": "投保人信息",
          "moduleTitle": "投保人信息（福满堂）",
          "moduleNum": 0,
          "elementOpenDTOList": [
            {
              "elementCode": "300000001",
              "elementName": "姓名",
              "elementClass": "cell",
              "elementFieldType": "01",
              "elementFieldId": "holderName",
              "fieldPlaceholder": "请输入姓名",
              "fieldSelectValues": null,
              "fieldDefaultValue": null,
              "fieldBoocheck": "Y",
              "fieldBlurcheck": "Y",
              "fieldCheckRule": "{\"rule\":\"holderNameRule\"}"
            },
            {
              "elementCode": "300000003",
              "elementName": "证件类型",
              "elementClass": "cell",
              "elementFieldType": "02",
              "elementFieldId": "holderCardType",
              "fieldPlaceholder": "选择证件类型",
              "fieldSelectValues": "[{name: \"身份证\", value: \"1\" },{name: \"户口本\", value: \"7\" }]",
              "fieldDefaultValue": "[\"1\"]",
              "fieldBoocheck": "Y",
              "fieldBlurcheck": "Y",
              "fieldCheckRule": ""
            },
            {
              "elementCode": "300000017",
              "elementName": "证件号码",
              "elementClass": "cell",
              "elementFieldType": "01",
              "elementFieldId": "holderCardNo",
              "fieldPlaceholder": "请输入证件号码",
              "fieldSelectValues": "{\"rule\":\"holderCardNo\"}",
              "fieldDefaultValue": null,
              "fieldBoocheck": "Y",
              "fieldBlurcheck": "Y",
              "fieldCheckRule": null
            },
            {
              "elementCode": "300000006",
              "elementName": "出生日期",
              "elementClass": "cell",
              "elementFieldType": "04",
              "elementFieldId": "holderBirthDate",
              "fieldPlaceholder": "请选择出生日期",
              "fieldSelectValues": null,
              "fieldDefaultValue": null,
              "fieldBoocheck": "Y",
              "fieldBlurcheck": "Y",
              "fieldCheckRule": null
            },
            {
              "elementCode": "300000007",
              "elementName": "性别",
              "elementClass": "cell",
              "elementFieldType": "02",
              "elementFieldId": "holderSex",
              "fieldPlaceholder": "请选择投保人性别",
              "fieldSelectValues": "[{name: \"男\", value: \"M\" },{name: \"女\", value: \"F\" }]",
              "fieldDefaultValue": "[\"M\"]",
              "fieldBoocheck": "Y",
              "fieldBlurcheck": "Y",
              "fieldCheckRule": "{\"rule\":\"holderBirthDate\",\"minAge\":\"18\"}"
            },
            {
              "elementCode": "300000008",
              "elementName": "手机号码",
              "elementClass": "cell",
              "elementFieldType": "01",
              "elementFieldId": "holderPhone",
              "fieldPlaceholder": "请输入手机号码",
              "fieldSelectValues": null,
              "fieldDefaultValue": null,
              "fieldBoocheck": "Y",
              "fieldBlurcheck": "Y",
              "fieldCheckRule": "{\"rule\":\"holderPhoneRule\"}"
            },
            {
              "elementCode": "300000009",
              "elementName": "邮箱",
              "elementClass": "cell",
              "elementFieldType": "01",
              "elementFieldId": "holderEmail",
              "fieldPlaceholder": "请输入邮箱",
              "fieldSelectValues": null,
              "fieldDefaultValue": null,
              "fieldBoocheck": "Y",
              "fieldBlurcheck": "Y",
              "fieldCheckRule": "{\"rule\":\"holderEmaiRule\"}"
            }
          ]
        },
        {
          "moduleCode": "200000000004",
          "moduleName": "被保人信息",
          "moduleTitle": "被保人信息（福满堂）",
          "moduleNum": 0,
          "elementOpenDTOList": [
            {
              "elementCode": "300000010",
              "elementName": "为谁投保",
              "elementClass": "cell",
              "elementFieldType": "10",
              "elementFieldId": null,
              "fieldPlaceholder": "",
              "fieldSelectValues": "本人",
              "fieldDefaultValue": "1",
              "fieldBoocheck": "N",
              "fieldBlurcheck": "N",
              "fieldCheckRule": null
            }
          ]
        },
        {
          "moduleCode": "200000000005",
          "moduleName": "受益人信息",
          "moduleTitle": "受益人信息（福满堂）",
          "moduleNum": 0,
          "elementOpenDTOList": [
            {
              "elementCode": "300000011",
              "elementName": "受益人",
              "elementClass": "cell",
              "elementFieldType": "10",
              "elementFieldId": null,
              "fieldPlaceholder": null,
              "fieldSelectValues": "法定",
              "fieldDefaultValue": "1",
              "fieldBoocheck": "N",
              "fieldBlurcheck": "N",
              "fieldCheckRule": null
            }
          ]
        },
        {
          "moduleCode": "200000000006",
          "moduleName": "房屋信息",
          "moduleTitle": "房屋信息",
          "moduleNum": 0,
          "elementOpenDTOList": [
            {
              "elementCode": "300000012",
              "elementName": "所在城市",
              "elementClass": "cell",
              "elementFieldType": "05",
              "elementFieldId": "cityPicker",
              "fieldPlaceholder": null,
              "fieldSelectValues": null,
              "fieldDefaultValue": null,
              "fieldBoocheck": "N",
              "fieldBlurcheck": "N",
              "fieldCheckRule": null
            },
            {
              "elementCode": "300000013",
              "elementName": "详细地址",
              "elementClass": "cell",
              "elementFieldType": "01",
              "elementFieldId": "cityAddress",
              "fieldPlaceholder": "需精确到门牌号，请如实填写",
              "fieldSelectValues": null,
              "fieldDefaultValue": null,
              "fieldBoocheck": "Y",
              "fieldBlurcheck": "Y",
              "fieldCheckRule": null
            },
            {
              "elementCode": "300000014",
              "elementName": "建造时间",
              "elementClass": "cell",
              "elementFieldType": "04",
              "elementFieldId": "buildTime",
              "fieldPlaceholder": "请选择建造时间",
              "fieldSelectValues": null,
              "fieldDefaultValue": null,
              "fieldBoocheck": "Y",
              "fieldBlurcheck": "Y",
              "fieldCheckRule": null
            },
            {
              "elementCode": "300000015",
              "elementName": "房屋结构",
              "elementClass": "cell",
              "elementFieldType": "02",
              "elementFieldId": "structureType",
              "fieldPlaceholder": null,
              "fieldSelectValues": "[{name: \"钢筋混凝土结构\", value: \"1\" },{name: \"混合结构\", value: \"3\" }]",
              "fieldDefaultValue": "[\"1\"]",
              "fieldBoocheck": "N",
              "fieldBlurcheck": "N",
              "fieldCheckRule": null
            },
            {
              "elementCode": "300000016",
              "elementName": "所在地区非农村",
              "elementClass": "cell",
              "elementFieldType": "03",
              "elementFieldId": "isCountySide",
              "fieldPlaceholder": null,
              "fieldSelectValues": null,
              "fieldDefaultValue": null,
              "fieldBoocheck": "N",
              "fieldBlurcheck": "N",
              "fieldCheckRule": null
            }
          ]
        }
      ]
    }
  }
}
