{
  "productQuery":{
    "transCode": null,
    "appId": null,
    "transSn": null,
    "transTime": null,
    "version": null,
    "originTransSn": null,
    "rspMode": null,
    "rspCode": "FI00000",
    "rspMsg": "成功",
    "policyOpenDTO": {
      "id": "c897f7db878c4182a6c596589874a05e",
      "startDate": "2018-05-09",
      "endDate": "2019-05-08",
      "premium": "580.00",
      "peopleNum": 0
    },
    "productOpenDTO": {
      "productCode": "1711280010102",
      "productName": "阳光全家福(网销版)--家庭"
    },
    "holderOpenDTO": {
      "id": "3f4d2ca678d14036846bc5a9ac37d27a",
      "name": "王晓鹏",
      "nameEn": null,
      "sex": "M",
      "cardType": "7",
      "cardNo": "121345684",
      "cardValidDate": null,
      "cardExpDate": null,
      "birthday": "1989-11-18",
      "phone": null,
      "mobile": "18810245874",
      "email": "131@qq.com",
      "nativePlace": null,
      "residentProvince": null,
      "residentCity": null,
      "residentCounty": null,
      "address": null,
      "zip": null,
      "industry": null,
      "jobs": null,
      "height": 0,
      "weight": 0
    },
    "insuredListOpenDTO": {
      "insuredDTOList": [
        {
          "id": "d257e91cc1634e7391e6d7d26e2e4e7e",
          "name": "王晓鹏",
          "nameEn": null,
          "sex": "M",
          "cardType": "7",
          "cardNo": "121345684",
          "cardValidDate": null,
          "cardExpDate": null,
          "birthday": "1989-11-18",
          "phone": null,
          "mobile": "18810245874",
          "email": null,
          "nativePlace": null,
          "residentProvince": null,
          "residentCity": null,
          "residentCounty": null,
          "address": null,
          "zip": null,
          "industry": null,
          "jobs": null,
          "insuredRelation": "1"
        }
      ]
    },
    "benefitListOpenDTO": {
      "isLegal": null,
      "benefitDtoList": [
        {
          "id": "e4e6181f802c461da3be42c05fb01d66",
          "name": "法定受益人",
          "nameEn": null,
          "sex": null,
          "cardType": null,
          "cardNo": null,
          "cardValidDate": null,
          "cardExpDate": null,
          "birthday": null,
          "phone": null,
          "mobile": null,
          "email": null,
          "nativePlace": null,
          "residentProvince": null,
          "residentCity": null,
          "residentCounty": null,
          "address": null,
          "zip": null,
          "industry": null,
          "jobs": null,
          "benefitRelation": null,
          "benefitScale": 0,
          "benefitSort": 0
        }
      ]
    },
    "assetsOpenDTO": {
      "id": "11f4df5254a246c7951bfc1d706bd7d9",
      "policyId": "c897f7db878c4182a6c596589874a05e",
      "provinceCode": "110000",
      "provinceName": "北京",
      "cityCode": "110000",
      "cityName": "北京市",
      "countyCode": "110101",
      "countyName": "东城区",
      "assetzIp": "100000",
      "assetAddress": "经海三路怡芳园小区",
      "assetStrc": "1",
      "carType": null,
      "carNoType": null,
      "carNo": null,
      "vinNo": null,
      "assetUsedYears": null,
      "assetCityGrade": null,
      "assetArea": null
    },
    "travelOpenDTO": {
      "id": "581f3e5c6b0e445794db183268fbdf9c",
      "policyId": "c897f7db878c4182a6c596589874a05e",
      "reason": null,
      "from": null,
      "fromName": null,
      "destination": null,
      "destinationName": null
    }
  }
}
