{
	
	"policywrite":{
		"holderDTO":
		[
			{
	      	 "skuCode":"001",
	      	 "attrName":"benefitPeriod",
	         "name": "保险期间",
	         "value": "1年",
	         "code": "1",
	         "data":"",
	         "displayType": "10"
	      },
		  {
	      	 "productId":"111111",
	      	 "skuCode":"001",
	      	 "attrName":"benefitPeriod",
	         "name": "保险期间",
	         "value": "1年",
	         "code": "1",
	         "data":"",
	         "displayType": "10"
	      }
		]
	}
}



