{
	"productdetail":{
		"productId":"3m8mwpxbzp8egqtp0xy32q5a519pcirs",
		"alias": "华华满堂福",
	    "bannerimg": "http://uc-cdn01.e-nci.com/images/banner/banner_05-d8bedc622a.png",
	    "code": "18030100101",
	    "insuranceClause": "http://uc-cdn01.e-nci.com/pdf/%E5%8D%8E%E5%AE%89%E8%B4%A2%E9%99%A9%EF%BC%88%E5%A4%87-%E5%AE%B6%E8%B4%A2%EF%BC%89-%E6%BB%A1%E5%A0%82%E7%A6%8F-%E5%AE%B6%E5%BA%AD%E8%B4%A2%E4%BA%A7%E4%BF%9D%E9%99%A9%E6%9D%A1%E6%AC%BE-283674c587.pdf",
	    "insureHints": "http://uc-cdn01.e-nci.com/pdf/%E6%BB%A1%E5%A0%82%E7%A6%8F-%E6%8A%95%E4%BF%9D%E6%8F%90%E7%A4%BA-59c81e9b97.pdf",
	    "introduction": "本产品由华安财产保险股份有限公司承保",
	    "name": "华华满堂福家庭财产保险",
	    "policySample": "http://uc-cdn01.e-nci.com/pdf/%E5%8D%8E%E5%AE%89%E6%BB%A1%E5%A0%82%E7%A6%8F%E5%AE%B6%E5%BA%AD%E8%B4%A2%E4%BA%A7%E4%BF%9D%E9%99%A9%EF%BC%88%E8%B1%AA%E5%8D%8E%E5%9E%8B%EF%BC%89%E7%94%B5%E5%AD%90%E4%BF%9D%E5%8D%95%E6%A0%B7%E5%BC%8F-6919c7df1d.pdf",
	    "title": "华华满堂福"
	},
	"productcalelemenst":{
	    "commonResList": [
	        {
	            "availableData": "",
	            "category": "01",
	            "checkCondition": "",
	            "defaultCode": "2",
	            "defaultVallue": "",
	            "displayElement": "benefitPeriodUnit",
	            "displayType": "11",
	            "elementName": "保险期间单位",
	            "frontCheck": "0",
	            "remark": ""
	        },
	        {
	            "availableData": "",
	            "category": "01",
	            "checkCondition": "",
	            "defaultCode": "1",
	            "defaultVallue": "1年",
	            "displayElement": "benefitPeriod",
	            "displayType": "10",
	            "elementName": "保险期间",
	            "frontCheck": "0",
	            "remark": ""
	         },
	        {
	            "category": "01",
	            "checkCondition": "",
	            "defaultCode": "",
	            "defaultVallue": "",
	            "displayElement": "insBeginDate",
	            "displayType": "04",
	            "elementName": "保险起期",
	            "frontCheck": {"A":"1","A1":"D","B":"4","B1":"D"},
	            "remark": ""
	        },
	        {
	            "availableData": "",
	            "category": "01",
	            "checkCondition": "",
	            "defaultCode": "",
	            "defaultVallue": "",
	            "displayElement": "insEndDate",
	            "displayType": "10",
	            "elementName": "保险止期",
	            "frontCheck": "0",
	            "remark": ""
	        },
	        {
	            "availableData": [{"name": "1份","value": "1"}, {"name": "2份","value": "2"}, {"name": "3份","value": "3"}],
	            "category": "01",
	            "checkCondition": "",
	            "defaultCode": "",
	            "defaultVallue": ["1"],
	            "displayElement": "count",
	            "displayType": "02",
	            "elementName": "投保份数",
	            "frontCheck": "1",
	            "remark": ""
	        }
	    ],
	    "skuResList": [
	        {
	            "calComponentResList": [
	                {
	                    "calculateInfoList": [
	                        {
	                            "availableData": "",
	                            "checkCondition": "",
	                            "defaultCode": "",
	                            "defaultVallue": "500000元",
	                            "displayElement": "00500001",
	                            "displayType": "10",
	                            "elementName": "房屋及附属设备损失",
	                            "frontCheck": "0",
	                            "remark": "承保由于火灾、爆炸、台风、暴雨、泥石流等自然灾害引起的突发性滑坡、地陷或下沉、飞行物体及其他空中运行物体坠落、外来和其他固定物体的倒塌导致的房屋主体及其室内附属设备损失。（备注：本保险所称的房屋为被保险人拥有合法产权的钢筋混凝土或砖混结构的住宅）"
	                        }
	                    ]
	                },
	                {
	                    "calculateInfoList": [
	                        {
	                            "availableData": "",
	                            "checkCondition": "",
	                            "defaultCode": "",
	                            "defaultVallue": "50000元",
	                            "displayElement": "00500002",
	                            "displayType": "10",
	                            "elementName": "室内装潢损失",
	                            "frontCheck": "0",
	                            "remark": "承保由于火灾、爆炸、台风、暴雨、泥石流等自然灾害引起的突发性滑坡、地陷或下沉、飞行物体及其他空中运行物体坠落、外来和其他固定物体的倒塌导致的室内装潢损失。（每次事故绝对免赔为200或者损失金额的5%，二者取高)"
	                        }
	                    ]
	                },
	                {
	                    "calculateInfoList": [
	                        {
	                            "availableData": "",
	                            "checkCondition": "",
	                            "defaultCode": "",
	                            "defaultVallue": "20000元",
	                            "displayElement": "00500003",
	                            "displayType": "10",
	                            "elementName": "室内财产损失",
	                            "frontCheck": "0",
	                            "remark": "承保由于火灾、爆炸、台风、暴雨、泥石流等自然灾害引起的突发性滑坡、地陷或下沉、飞行物体及其他空中运行物体坠落、外来和其他固定物体的倒塌导致的室内财产损失。（每次事故绝对免赔为200或者损失金额的5%，二者取高)"
	                        }
	                    ]
	                },
	                {
	                    "calculateInfoList": [
	                        {
	                            "availableData": "",
	                            "checkCondition": "",
	                            "defaultCode": "",
	                            "defaultVallue": "3000元",
	                            "displayElement": "00500004",
	                            "displayType": "10",
	                            "elementName": "室内财产盗抢",
	                            "frontCheck": "0",
	                            "remark": "保障被保险房屋内，条款列明的室内财产因遭受经公安部门确认的入室抢劫行为或者有明显现场痕迹的盗窃行为而导致的直接经济损失，且公安机关60内仍未查明下落或被保险人仍未从其他责任人处获得赔偿的，给付保险金。不包含现金以及古董、字画等无法鉴定实际价值的物品。"
	                        }
	                    ]
	                },
	                {
	                    "calculateInfoList": [
	                        {
	                            "availableData": "",
	                            "checkCondition": "",
	                            "defaultCode": "",
	                            "defaultVallue": "3000元",
	                            "displayElement": "00500005",
	                            "displayType": "10",
	                            "elementName": "水暖管破裂损失",
	                            "frontCheck": "0",
	                            "remark": "承保被保险人房屋内，由于下列原因造成的损失，本公司按照本保险合同的约定负责赔偿：因高压、碰撞、严寒、高温造成管道破裂（包括被保险人房屋内、楼上住户、隔壁住户或属于业主共有部分的水暖管道以及太阳能热水器室内外管道），导致的被保险人房屋遭受水浸、腐蚀导致的直接损失以及因此产生的水暖管修复更换费用。（每次事故绝对免赔为200或者损失金额的5%，二者取高)"
	                        }
	                    ]
	                },
	                {
	                    "calculateInfoList": [
	                        {
	                            "availableData": "",
	                            "checkCondition": "",
	                            "defaultCode": "",
	                            "defaultVallue": "3000元",
	                            "displayElement": "00500006",
	                            "displayType": "10",
	                            "elementName": "水暖管破裂第三者损失",
	                            "frontCheck": "0",
	                            "remark": "承保被保险人房屋内，由于下列原因造成的损失，本公司按照本保险合同的约定负责赔偿：因高压、碰撞、严寒、高温造成水暖管爆裂，导致第三者人身伤亡或财产损失，依照中华人民共和国法律（不包括港澳台地区法律）应由被保险人承担的经济赔偿责任。（每次事故绝对免赔为200或者损失金额的5%，二者取高)"
	                        }
	                    ]
	                },
	                {
	                    "calculateInfoList": [
	                        {
	                            "availableData": "",
	                            "checkCondition": "",
	                            "defaultCode": "",
	                            "defaultVallue": "100000元",
	                            "displayElement": "00500007",
	                            "displayType": "10",
	                            "elementName": "第三者人身伤亡、财产损失",
	                            "frontCheck": "0",
	                            "remark": "被保险房屋及其附属设备、室内财产发生高空坠物或者火灾爆炸等造成第三者人身伤亡或财产损失，依法应由被保险人赔偿的部分；每次事故免赔率10%。"
	                        }
	                    ]
	                },
	                {
	                    "calculateInfoList": [
	                        {
	                            "availableData": "",
	                            "checkCondition": "",
	                            "defaultCode": "",
	                            "defaultVallue": "50000元",
	                            "displayElement": "00500008",
	                            "displayType": "10",
	                            "elementName": "银行卡及第三方资金账户盗刷",
	                            "frontCheck": "0",
	                            "remark": "承保被保险人以及被保险人家庭成员个人账户由于下列原因造成的，并在被保险人或被保险人家庭成员向银行或支付机构挂失或冻结前的合同约定时间范围内发生的个人账户中的资金损失，本公司按照合同的约定，在保险单列明的保险金额内负责赔偿： （一）借记卡及信用卡被他人盗刷、复制； （二）借记卡及信用卡被他人在银行柜面及ATM机器上盗取或转账； （三）网银账户、手机银行账户或第三方支付账户被他人盗用； （四）被保险人或被保险人家庭成员已投保附属卡的持有人在被犯罪分子胁迫的状态下，将个人账户交给他人使用，或将个人账户的账号及密码透露给他人；（五）被保险人名下新增的个人账户或本合同已承保的被保险人名下原有的有效个人账户新开通的支付功能产生的上述保险责任范围内的损失。"
	                        }
	                    ]
	                },
	                {
	                    "calculateInfoList": [
	                        {
	                            "availableData": "",
	                            "checkCondition": "",
	                            "defaultCode": "",
	                            "defaultVallue": "400000元",
	                            "displayElement": "00500009",
	                            "displayType": "10",
	                            "elementName": "意外身故残疾",
	                            "frontCheck": "0",
	                            "remark": "在保险期间内，被保险人因遭受意外伤害事故导致身故，并自事故发生之日起180日内因该事故身故的，本公司按照合同约定给付身故保险金；若因该事故导致残疾，本公司按照《人身伤残评定标准》中所列比例乘以意外伤害保险金额给付伤残保险金。保额由家庭成员（被保险人及其配偶、子女）均分，且每份每人意外身故保额不超过10万元。"
	                        }
	                    ]
	                },
	                {
	                    "calculateInfoList": [
	                        {
	                            "availableData": "",
	                            "checkCondition": "",
	                            "defaultCode": "",
	                            "defaultVallue": "40000元",
	                            "displayElement": "00500010",
	                            "displayType": "10",
	                            "elementName": "意外伤害医疗（门诊、住院）",
	                            "frontCheck": "0",
	                            "remark": "在保险期间内，被保险人因遭受主保险合同保险责任范围内的意外伤害事故须入医院治疗，就被保险人在该次意外伤害事故发生之日起180日内支出的，符合保险单签发地社会医疗保险主管部门规定的可报销的、必要的、合理的医疗费用，本公司在扣除人民币200元或5%的免赔额后，按照100%比例给付医疗保险金。累计给付的保险金总额上限10000元。保额由家庭成员（被保险人及其配偶、子女）均分，且每份每人意外医疗不超过1万元。（每次事故绝对免赔为200或者损失金额的5%，二者取高)"
	                        }
	                    ]
	                }
	            ],
	            "productId": "1F3B1FAF2EA8DDA2E0506E0A8701531A",
	            "skuInfo": "家庭版",
	            "skucode": "1711280010102"
	        },
	        {
	            "calComponentResList": [
	                {
	                    "calculateInfoList": [
	                        {
	                            "availableData": "",
	                            "checkCondition": "",
	                            "defaultCode": "",
	                            "defaultVallue": "250000元",
	                            "displayElement": "00500001",
	                            "displayType": "10",
	                            "elementName": "房屋及附属设备损失",
	                            "frontCheck": "0",
	                            "remark": "承保由于火灾、爆炸、台风、暴雨、泥石流等自然灾害引起的突发性滑坡、地陷或下沉、飞行物体及其他空中运行物体坠落、外来和其他固定物体的倒塌导致的房屋主体及其室内附属设备损失。（备注：本保险所称的房屋为被保险人拥有合法产权的钢筋混凝土或砖混结构的住宅）"
	                        }
	                    ]
	                },
	                {
	                    "calculateInfoList": [
	                        {
	                            "availableData": "",
	                            "checkCondition": "",
	                            "defaultCode": "",
	                            "defaultVallue": "10000元",
	                            "displayElement": "00500002",
	                            "displayType": "10",
	                            "elementName": "室内装潢损失",
	                            "frontCheck": "0",
	                            "remark": "承保由于火灾、爆炸、台风、暴雨、泥石流等自然灾害引起的突发性滑坡、地陷或下沉、飞行物体及其他空中运行物体坠落、外来和其他固定物体的倒塌导致的室内装潢损失。（每次事故绝对免赔为200或者损失金额的5%，二者取高)"
	                        }
	                    ]
	                },
	                {
	                    "calculateInfoList": [
	                        {
	                            "availableData": "",
	                            "checkCondition": "",
	                            "defaultCode": "",
	                            "defaultVallue": "10000元",
	                            "displayElement": "00500003",
	                            "displayType": "10",
	                            "elementName": "室内财产损失",
	                            "frontCheck": "0",
	                            "remark": "承保由于火灾、爆炸、台风、暴雨、泥石流等自然灾害引起的突发性滑坡、地陷或下沉、飞行物体及其他空中运行物体坠落、外来和其他固定物体的倒塌导致的室内财产损失。（每次事故绝对免赔为200或者损失金额的5%，二者取高)"
	                        }
	                    ]
	                },
	                {
	                    "calculateInfoList": [
	                        {
	                            "availableData": "",
	                            "checkCondition": "",
	                            "defaultCode": "",
	                            "defaultVallue": "3000元",
	                            "displayElement": "00500004",
	                            "displayType": "10",
	                            "elementName": "室内财产盗抢",
	                            "frontCheck": "0",
	                            "remark": "保障被保险房屋内，条款列明的室内财产因遭受经公安部门确认的入室抢劫行为或者有明显现场痕迹的盗窃行为而导致的直接经济损失，且公安机关60内仍未查明下落或被保险人仍未从其他责任人处获得赔偿的，给付保险金。不包含现金以及古董、字画等无法鉴定实际价值的物品。"
	                        }
	                    ]
	                },
	                {
	                    "calculateInfoList": [
	                        {
	                            "availableData": "",
	                            "checkCondition": "",
	                            "defaultCode": "",
	                            "defaultVallue": "3000元",
	                            "displayElement": "00500005",
	                            "displayType": "10",
	                            "elementName": "水暖管破裂损失",
	                            "frontCheck": "0",
	                            "remark": "承保被保险人房屋内，由于下列原因造成的损失，本公司按照本保险合同的约定负责赔偿：因高压、碰撞、严寒、高温造成管道破裂（包括被保险人房屋内、楼上住户、隔壁住户或属于业主共有部分的水暖管道以及太阳能热水器室内外管道），导致的被保险人房屋遭受水浸、腐蚀导致的直接损失以及因此产生的水暖管修复更换费用。（每次事故绝对免赔为200或者损失金额的5%，二者取高)"
	                        }
	                    ]
	                },
	                {
	                    "calculateInfoList": [
	                        {
	                            "availableData": "",
	                            "checkCondition": "",
	                            "defaultCode": "",
	                            "defaultVallue": "3000元",
	                            "displayElement": "00500006",
	                            "displayType": "10",
	                            "elementName": "水暖管破裂第三者损失",
	                            "frontCheck": "0",
	                            "remark": "承保被保险人房屋内，由于下列原因造成的损失，本公司按照本保险合同的约定负责赔偿：因高压、碰撞、严寒、高温造成水暖管爆裂，导致第三者人身伤亡或财产损失，依照中华人民共和国法律（不包括港澳台地区法律）应由被保险人承担的经济赔偿责任。（每次事故绝对免赔为200或者损失金额的5%，二者取高)"
	                        }
	                    ]
	                },
	                {
	                    "calculateInfoList": [
	                        {
	                            "availableData": "",
	                            "checkCondition": "",
	                            "defaultCode": "",
	                            "defaultVallue": "100000元",
	                            "displayElement": "00500007",
	                            "displayType": "10",
	                            "elementName": "第三者人身伤亡、财产损失",
	                            "frontCheck": "0",
	                            "remark": "被保险房屋及其附属设备、室内财产发生高空坠物或者火灾爆炸等造成第三者人身伤亡或财产损失，依法应由被保险人赔偿的部分；每次事故免赔率10%。"
	                        }
	                    ]
	                },
	                {
	                    "calculateInfoList": [
	                        {
	                            "availableData": "",
	                            "checkCondition": "",
	                            "defaultCode": "",
	                            "defaultVallue": "50000元",
	                            "displayElement": "00500008",
	                            "displayType": "10",
	                            "elementName": "银行卡及第三方资金账户盗刷",
	                            "frontCheck": "0",
	                            "remark": "承保被保险人个人账户由于下列原因造成的，并在被保险人向银行或支付机构挂失或冻结前的合同约定时间范围内发生的个人账户中的资金损失，本公司按照合同的约定，在保险单列明的保险金额内负责赔偿： （一）借记卡及信用卡被他人盗刷、复制； （二）借记卡及信用卡被他人在银行柜面及ATM机器上盗取或转账； （三）网银账户、手机银行账户或第三方支付账户被他人盗用； （四）被保险人已投保附属卡的持有人在被犯罪分子胁迫的状态下，将个人账户交给他人使用，或将个人账户的账号及密码透露给他人；（五）被保险人名下新增的个人账户或本合同已承保的被保险人名下原有的有效个人账户新开通的支付功能产生的上述保险责任范围内的损失。"
	                        }
	                    ]
	                },
	                {
	                    "calculateInfoList": [
	                        {
	                            "availableData": "",
	                            "checkCondition": "",
	                            "defaultCode": "",
	                            "defaultVallue": "100000元",
	                            "displayElement": "00500009",
	                            "displayType": "10",
	                            "elementName": "意外身故残疾",
	                            "frontCheck": "0",
	                            "remark": "在保险期间内，被保险人因遭受意外伤害事故导致身故，并自事故发生之日起180日内因该事故身故的，本公司按照合同约定给付身故保险金；若因该事故导致残疾，本公司按照《人身伤残评定标准》中所列比例乘以意外伤害保险金额给付伤残保险金。"
	                        }
	                    ]
	                },
	                {
	                    "calculateInfoList": [
	                        {
	                            "availableData": "",
	                            "checkCondition": "",
	                            "defaultCode": "",
	                            "defaultVallue": "10000元",
	                            "displayElement": "00500010",
	                            "displayType": "10",
	                            "elementName": "意外伤害医疗（门诊、住院）",
	                            "frontCheck": "0",
	                            "remark": "在保险期间内，被保险人因遭受主保险合同保险责任范围内的意外伤害事故须入医院治疗，就被保险人在该次意外伤害事故发生之日起180日内支出的，符合保险单签发地社会医疗保险主管部门规定的可报销的、必要的、合理的医疗费用，本公司在扣除人民币200元或5%的免赔额后，按照100%比例给付医疗保险金。累计给付的保险金总额上限10000元。（每次事故绝对免赔为200或者损失金额的5%，二者取高)"
	                        }
	                    ]
	                }
	            ],
	            "productId": "FC12ABA612322B821AF4864974814B6C",
	            "skuInfo": "个人版",
	            "skucode": "1711280010101"
	        }
	    ]
	},
	"productprenium":{
	    "age": 0,
	    "benefitPeriod": "1",
	    "benefitPeriodUnit": "2",
	    "cardSeats": null,
	    "code": null,
	    "gender": null,
	    "payDuration": "0",
	    "payWay": "1",
	    "prenium": 1160.0,
	    "transCode": null,
	    "transTime": "2018-03-81 15:31:57",
	    "responsibilityLs": [
	        {
	            "amount": 40000.0,
	            "code": "00500010",
	            "count": 2,
	            "prenium": 80.0
	        },
	        {
	            "amount": 50000.0,
	            "code": "00500002",
	            "count": 2,
	            "prenium": 14.0
	        }
	    ]
	},

	"policyElements":{
				"transCode": null,
				"appId": null,
				"transSn": null,
				"transTime": null,
				"version": null,
				"originTransSn": null,
				"rspMode": null,
				"rspCode": null,
				"rspMsg": null,
				"templetOpenDTO": {
					"templetCode": "1000000002",
					"templetName": "投保单填写（满堂福）",
					"templetPath": "\\templates\\view\\product\\temp_001\\tmp_001_1803010010103_proposal_wirte.ftl",
					"templetType": "01",
					"moduleOpenDTOList": [{
						"moduleCode": "200000000003",
						"moduleName": "投保人信息",
						"moduleTitle": "投保人信息（福满堂）",
						"elementOpenDTOList": [{
							"elementCode": "300000001",
							"elementName": "姓名",
							"elementClass": "cell",
							"elementFieldType": "01",
							"elementFieldId": "holderName",
							"fieldPlaceholder": "请输入姓名",
							"fieldSelectValues": null,
							"fieldDefaultValue": null,
							"fieldBoocheck": "Y",
							"fieldBlurcheck": "Y",
							"fieldCheckRule": "{\"rule\":\"holderNameRule\"}"
						}, {
							"elementCode": "300000003",
							"elementName": "证件类型",
							"elementClass": "cell",
							"elementFieldType": "02",
							"elementFieldId": "holderCardType",
							"fieldPlaceholder": "选择证件类型",
							"fieldSelectValues": "[{name: \"身份证\", value: \"1\" }]",
							"fieldDefaultValue": "[\"1\"]",
							"fieldBoocheck": "Y",
							"fieldBlurcheck": "Y",
							"fieldCheckRule": ""
						}, {
							"elementCode": "300000017",
							"elementName": "证件号码",
							"elementClass": "cell",
							"elementFieldType": "01",
							"elementFieldId": "holderCardNo",
							"fieldPlaceholder": "请输入证件号码",
							"fieldSelectValues": "{\"rule\":\"holderCardNo\"}",
							"fieldDefaultValue": null,
							"fieldBoocheck": "Y",
							"fieldBlurcheck": "Y",
							"fieldCheckRule": "{\"rule\":\"icardRule\"}"
						}, {
							"elementCode": "300000006",
							"elementName": "出生日期",
							"elementClass": "cell",
							"elementFieldType": "04",
							"elementFieldId": "holderBirthDate",
							"fieldPlaceholder": "请选择出生日期",
							"fieldSelectValues": null,
							"fieldDefaultValue": null,
							"fieldBoocheck": "Y",
							"fieldBlurcheck": "Y",
							"fieldCheckRule": null
						}, {
							"elementCode": "300000007",
							"elementName": "性别",
							"elementClass": "cell",
							"elementFieldType": "02",
							"elementFieldId": "holderSex",
							"fieldPlaceholder": "请选择投保人性别",
							"fieldSelectValues": "[{name: \"男\", value: \"M\" },{name: \"女\", value: \"F\" }]",
							"fieldDefaultValue": "[\"F\"]",
							"fieldBoocheck": "Y",
							"fieldBlurcheck": "Y",
							"fieldCheckRule": null
						}, {
							"elementCode": "300000008",
							"elementName": "手机号码",
							"elementClass": "cell",
							"elementFieldType": "01",
							"elementFieldId": "holderPhone",
							"fieldPlaceholder": "请输入手机号码",
							"fieldSelectValues": null,
							"fieldDefaultValue": null,
							"fieldBoocheck": "Y",
							"fieldBlurcheck": "Y",
							"fieldCheckRule": "{\"rule\":\"holderPhoneRule\"}"
						}, {
							"elementCode": "300000009",
							"elementName": "邮箱",
							"elementClass": "cell",
							"elementFieldType": "01",
							"elementFieldId": "holderEmail",
							"fieldPlaceholder": "请输入邮箱",
							"fieldSelectValues": null,
							"fieldDefaultValue": null,
							"fieldBoocheck": "Y",
							"fieldBlurcheck": "Y",
							"fieldCheckRule": "{\"rule\":\"holderEmaiRule\"}"
						}]
					}, {
						"moduleCode": "200000000004",
						"moduleName": "被保人信息",
						"moduleTitle": "被保人信息（福满堂）",
						"elementOpenDTOList": [{
							"elementCode": "300000010",
							"elementName": "为谁投保",
							"elementClass": "cell",
							"elementFieldType": "10",
							"elementFieldId": null,
							"fieldPlaceholder": "",
							"fieldSelectValues": "本人",
							"fieldDefaultValue": "1",
							"fieldBoocheck": "N",
							"fieldBlurcheck": "N",
							"fieldCheckRule": null
						}]
					}, {
						"moduleCode": "200000000005",
						"moduleName": "受益人信息",
						"moduleTitle": "受益人信息（福满堂）",
						"elementOpenDTOList": [{
							"elementCode": "300000011",
							"elementName": "受益人",
							"elementClass": "cell",
							"elementFieldType": "10",
							"elementFieldId": null,
							"fieldPlaceholder": null,
							"fieldSelectValues": "法定",
							"fieldDefaultValue": "1",
							"fieldBoocheck": "N",
							"fieldBlurcheck": "N",
							"fieldCheckRule": null
						}]
					}, {
						"moduleCode": "200000000006",
						"moduleName": "房屋信息",
						"moduleTitle": "房屋信息",
						"elementOpenDTOList": [{
							"elementCode": "300000012",
							"elementName": "所在城市",
							"elementClass": "cell",
							"elementFieldType": "05",
							"elementFieldId": "cityPicker",
							"fieldPlaceholder": null,
							"fieldSelectValues": null,
							"fieldDefaultValue": null,
							"fieldBoocheck": "N",
							"fieldBlurcheck": "N",
							"fieldCheckRule": null
						}, {
							"elementCode": "300000013",
							"elementName": "详细地址",
							"elementClass": "cell",
							"elementFieldType": "01",
							"elementFieldId": "cityAddress",
							"fieldPlaceholder": "需精确到门牌号，请如实填写",
							"fieldSelectValues": null,
							"fieldDefaultValue": null,
							"fieldBoocheck": "Y",
							"fieldBlurcheck": "Y",
							"fieldCheckRule": "{\"rule\":\"addressRule\"}"
						}, {
							"elementCode": "300000014",
							"elementName": "建造时间",
							"elementClass": "cell",
							"elementFieldType": "04",
							"elementFieldId": "buildTime",
							"fieldPlaceholder": "请选择建造时间",
							"fieldSelectValues": null,
							"fieldDefaultValue": null,
							"fieldBoocheck": "Y",
							"fieldBlurcheck": "Y",
							"fieldCheckRule": null
						}, {
							"elementCode": "300000015",
							"elementName": "房屋结构",
							"elementClass": "cell",
							"elementFieldType": "02",
							"elementFieldId": "structureType",
							"fieldPlaceholder": null,
							"fieldSelectValues": "[{name: \"钢筋混凝土结构\", value: \"1\" },{name: \"混合结构\", value: \"3\" }]",
							"fieldDefaultValue": "[\"1\"]",
							"fieldBoocheck": "N",
							"fieldBlurcheck": "N",
							"fieldCheckRule": null
						}, {
							"elementCode": "300000016",
							"elementName": "所在地区非农村",
							"elementClass": "cell",
							"elementFieldType": "03",
							"elementFieldId": "isCountySide",
							"fieldPlaceholder": null,
							"fieldSelectValues": null,
							"fieldDefaultValue": null,
							"fieldBoocheck": "N",
							"fieldBlurcheck": "N",
							"fieldCheckRule": null
						}]
					}]
				}
			}

}



